City_ID,City,Country,Lat,Lng,Max Temp,Humidity,Cloudiness,Wind Speed,Current Description
0,Ushuaia,AR,-54.8,-68.3,42.46,52,75,16.11,broken clouds
1,Krasnoselkup,RU,65.7,82.4667,31.48,83,100,12.55,overcast clouds
2,Kendari,ID,-3.945,122.4989,76.59,85,99,2.37,overcast clouds
3,Dali,CN,25.7,100.1833,61.83,90,66,3.04,broken clouds
4,Obo,CF,5.3998,26.4869,86.16,57,76,2.53,broken clouds
5,Jamestown,US,42.097,-79.2353,54.72,60,100,8.05,mist
6,Ahipara,NZ,-35.1667,173.1667,54.81,92,65,5.79,broken clouds
7,Saldanha,ZA,-33.0117,17.9442,68.05,67,31,11.86,scattered clouds
8,Busselton,AU,-33.65,115.3333,52.88,84,34,8.68,scattered clouds
9,Nelson Bay,AU,-32.7167,152.15,61.0,94,16,7.0,few clouds
10,Iskateley,RU,67.6803,53.1512,40.06,53,67,12.19,broken clouds
11,Atuona,PF,-9.8,-139.0333,77.11,68,65,18.92,broken clouds
12,Thompson,CA,55.7435,-97.8558,50.16,71,100,10.36,overcast clouds
13,Ponta Do Sol,PT,32.6667,-17.1,74.03,83,93,10.74,light rain
14,Kondopoga,RU,62.2057,34.2614,46.08,94,100,5.01,overcast clouds
15,Mar Del Plata,AR,-38.0023,-57.5575,57.22,84,0,5.75,clear sky
16,Vaini,TO,-21.2,-175.2,75.36,88,100,4.61,overcast clouds
17,Cabo San Lucas,MX,22.8909,-109.9124,82.51,76,0,11.5,clear sky
18,Biak,ID,-0.9131,122.8766,75.92,75,36,4.41,scattered clouds
19,Sao Joao Da Barra,BR,-21.6403,-41.0511,75.29,68,77,2.21,broken clouds
20,Dikson,RU,73.5069,80.5464,33.13,78,100,22.17,overcast clouds
21,Tuktoyaktuk,CA,69.4541,-133.0374,30.61,85,90,11.56,overcast clouds
22,Kaitangata,NZ,-46.2817,169.8464,47.59,94,100,5.64,overcast clouds
23,Rikitea,PF,-23.1203,-134.9692,68.14,65,24,17.74,few clouds
24,Stokmarknes,NO,68.5646,14.9108,55.38,58,0,14.97,clear sky
25,College,US,64.8569,-147.8028,40.89,86,20,0.0,few clouds
26,Souillac,MU,-20.5167,57.5167,75.58,64,75,13.8,broken clouds
27,Husavik,IS,66.0449,-17.3389,35.15,98,95,46.22,snow
28,Erenhot,CN,43.6475,111.9767,64.2,30,18,6.62,few clouds
29,Avarua,CK,-21.2078,-159.775,73.45,78,20,12.66,few clouds
30,Punta Arenas,CL,-53.15,-70.9167,39.31,52,75,9.22,broken clouds
31,Esperance,AU,-33.8667,121.9,56.71,79,27,11.65,scattered clouds
32,Mataura,NZ,-46.1927,168.8643,49.48,95,100,2.08,overcast clouds
33,Vila Velha,BR,-20.3297,-40.2925,69.75,92,100,6.91,overcast clouds
34,Longyearbyen,SJ,78.2186,15.6401,44.44,76,75,8.05,broken clouds
35,Cape Town,ZA,-33.9258,18.4232,68.11,66,40,13.8,scattered clouds
36,Castro,BR,-24.7911,-50.0119,51.42,88,98,7.38,overcast clouds
37,Nara,JP,34.6851,135.8049,75.49,45,14,1.72,few clouds
38,Evensk,RU,61.95,159.2333,39.45,62,84,25.97,broken clouds
39,Harnosand,SE,62.6323,17.9379,55.42,86,36,9.48,scattered clouds
40,Ilulissat,GL,69.2167,-51.1,33.82,51,20,21.85,few clouds
41,Grand Gaube,MU,-20.0064,57.6608,76.37,59,6,10.0,clear sky
42,Champerico,GT,14.3,-91.9167,75.74,88,100,5.57,overcast clouds
43,Lompoc,US,34.6391,-120.4579,60.53,97,100,4.61,mist
44,Yellowknife,CA,62.456,-114.3525,37.92,75,75,9.22,broken clouds
45,Sibu,MY,2.3,111.8167,77.31,94,40,6.91,scattered clouds
46,Ribas Do Rio Pardo,BR,-20.4431,-53.7592,77.25,30,46,7.02,scattered clouds
47,Pangnirtung,CA,66.1451,-65.7125,39.24,43,20,3.42,few clouds
48,Katsuura,JP,35.1333,140.3,73.33,86,55,14.34,broken clouds
49,Sechura,PE,-5.5569,-80.8222,62.24,81,86,13.11,overcast clouds
50,Hermanus,ZA,-34.4187,19.2345,67.8,72,2,10.09,clear sky
51,Assiniboia,CA,49.6334,-105.9845,33.62,86,2,4.61,clear sky
52,Puerto Ayora,EC,-0.7393,-90.3518,65.55,99,99,10.0,overcast clouds
53,Paine,CL,-33.8167,-70.75,56.71,87,34,2.19,scattered clouds
54,Bahia Blanca,AR,-38.7196,-62.2724,57.61,76,100,2.59,overcast clouds
55,Pevek,RU,69.7008,170.3133,29.71,73,41,5.01,scattered clouds
56,Tasiilaq,GL,65.6145,-37.6368,44.76,41,11,17.65,few clouds
57,Dong Hoi,VN,17.4833,106.6,77.72,86,48,1.92,scattered clouds
58,Carnarvon,AU,-24.8667,113.6333,65.52,67,0,28.79,clear sky
59,Chuy,UY,-33.6971,-53.4616,58.91,66,98,8.25,overcast clouds
60,Yining,CN,29.0361,114.5636,67.23,68,84,2.37,broken clouds
61,Provideniya,RU,64.3833,-173.3,35.42,73,71,6.2,broken clouds
62,Leningradskiy,RU,69.3833,178.4167,31.28,87,100,2.86,light snow
63,Nikolskoye,RU,59.7035,30.7861,46.78,95,100,4.16,overcast clouds
64,Zyryanka,RU,65.75,150.85,31.82,73,10,6.04,clear sky
65,Barpali,IN,21.2,83.5833,82.13,77,95,1.77,overcast clouds
66,Hobart,AU,-42.8794,147.3294,49.86,92,0,1.01,clear sky
67,Alofi,NU,-19.0595,-169.9187,73.29,94,91,5.75,overcast clouds
68,Bethel,US,41.3712,-73.414,59.49,88,100,0.0,overcast clouds
69,Hambantota,LK,6.1241,81.1185,85.24,67,71,20.04,broken clouds
70,Bhavnagar,IN,21.7667,72.15,85.82,66,40,16.11,scattered clouds
71,Siuna,NI,13.7332,-84.7773,70.97,98,64,3.09,broken clouds
72,Albany,US,42.6001,-73.9662,53.73,88,93,3.38,overcast clouds
73,Cidreira,BR,-30.1811,-50.2056,63.0,73,37,16.35,scattered clouds
74,Gorshechnoye,RU,51.5244,38.0365,44.71,88,100,17.52,light rain
75,Marzuq,YE,14.4,46.4667,90.99,18,57,8.08,broken clouds
76,San Pedro De Ycuamandiyu,PY,-24.0917,-57.0764,63.14,87,100,5.7,overcast clouds
77,Saskylakh,RU,71.9167,114.0833,30.7,86,100,9.98,overcast clouds
78,Port Alfred,ZA,-33.5906,26.891,85.89,36,68,23.29,broken clouds
79,Broken Hill,AU,-31.95,141.4333,71.42,32,100,8.1,overcast clouds
80,Hay River,CA,60.8156,-115.7999,39.18,81,75,10.36,broken clouds
81,Dingle,PH,10.9995,122.6711,76.62,88,100,8.23,moderate rain
82,Khani,GE,41.9563,42.9566,58.57,60,84,5.12,broken clouds
83,York,US,40.1254,-77.0,59.49,82,0,4.61,clear sky
84,Floro,NO,61.5996,5.0328,50.23,81,75,21.85,light rain
85,Pierre,US,44.3683,-100.351,53.28,79,75,12.66,broken clouds
86,Paris,FR,48.8534,2.3488,66.99,50,20,17.0,few clouds
87,Bredasdorp,ZA,-34.5322,20.0403,68.0,59,18,14.7,light rain
88,Bryan,US,30.6744,-96.37,73.15,96,0,0.0,mist
89,Dire,ML,12.2833,-10.9667,84.15,73,64,3.76,light rain
90,Hilo,US,19.7297,-155.09,76.28,96,100,8.05,light rain
91,Upernavik,GL,72.7868,-56.1549,30.27,82,100,8.61,overcast clouds
92,Namatanai,PG,-3.6667,152.4333,79.93,79,77,8.05,broken clouds
93,Narsaq,GL,60.9167,-46.05,48.42,50,100,10.11,overcast clouds
94,Wajid,SO,3.8093,43.2471,89.19,34,71,12.1,broken clouds
95,Tam Ky,VN,15.5667,108.4833,77.14,89,49,2.42,scattered clouds
96,Richards Bay,ZA,-28.783,32.0377,94.03,35,1,15.9,clear sky
97,Sao Filipe,CV,14.8961,-24.4956,79.12,79,66,11.21,broken clouds
98,Oga,IT,46.4631,10.347,51.96,97,100,4.23,overcast clouds
99,Zhuji,CN,29.7188,120.2423,65.86,84,65,3.53,broken clouds
100,Nicolas Bravo,MX,18.45,-88.9167,71.8,99,59,1.36,broken clouds
101,Mahibadhoo,MV,3.7833,72.9667,82.49,76,84,13.89,broken clouds
102,Yenagoa,NG,4.9247,6.2642,84.6,71,81,6.38,moderate rain
103,Lerwick,GB,60.1545,-1.1494,55.4,85,100,34.96,overcast clouds
104,Ancud,CL,-41.8697,-73.8203,47.23,87,100,6.58,overcast clouds
105,Mahebourg,MU,-20.4081,57.7,76.24,64,75,13.8,broken clouds
106,Maniitsoq,GL,65.4167,-52.9,40.03,53,55,5.21,broken clouds
107,Vila Franca Do Campo,PT,37.7167,-25.4333,73.81,73,87,16.49,overcast clouds
108,Pochutla,MX,15.7432,-96.4661,76.82,91,100,3.27,overcast clouds
109,Maloy,NO,61.9353,5.1136,48.72,36,100,29.55,light rain
110,Kazachinskoye,RU,57.6953,93.2761,36.09,82,100,3.11,overcast clouds
111,Poum,NC,-20.2333,164.0167,75.87,75,10,16.37,clear sky
112,Vadso,NO,70.0744,29.7487,50.16,71,8,8.05,clear sky
113,Meulaboh,ID,4.1363,96.1285,78.6,84,89,3.91,overcast clouds
114,Keskin,TR,39.6731,33.6136,67.91,15,0,1.52,clear sky
115,Aripuana,BR,-9.1667,-60.6333,84.16,52,5,2.26,clear sky
116,Puerto Leguizamo,CO,-0.1934,-74.7819,71.02,97,95,1.25,overcast clouds
117,San Andres,CO,12.5847,-81.7006,82.42,83,75,4.61,broken clouds
118,San Joaquin,US,37.9333,-121.3011,68.25,69,0,5.75,clear sky
119,Salinopolis,BR,-0.6136,-47.3561,82.74,70,93,10.71,overcast clouds
120,Butaritari,KI,3.0707,172.7902,81.43,72,1,11.39,clear sky
121,Lagoa,PT,39.05,-27.9833,70.65,74,74,26.8,broken clouds
122,Fort Nelson,CA,58.8053,-122.7002,36.99,81,75,3.44,broken clouds
123,Kavieng,PG,-2.5744,150.7967,82.54,73,25,12.84,scattered clouds
124,Naze,JP,28.3667,129.4833,77.92,82,21,8.59,few clouds
125,Sinnamary,GF,5.3833,-52.95,82.09,71,66,9.66,broken clouds
126,Thinadhoo,MV,0.5333,72.9333,81.57,73,98,11.72,light rain
127,Manokwari,ID,-0.8667,134.0833,79.18,80,57,7.96,broken clouds
128,Tiksi,RU,71.6872,128.8694,33.35,78,17,20.92,few clouds
129,Presidente Prudente,BR,-22.1256,-51.3889,65.75,63,0,11.5,clear sky
130,Bluff,NZ,-46.6,168.3333,49.8,90,99,4.59,overcast clouds
131,Saint-Philippe,RE,-21.3585,55.7679,76.59,76,8,16.15,clear sky
132,Tambura,SS,5.6,27.4667,86.88,57,43,1.88,scattered clouds
133,Qaanaaq,GL,77.484,-69.3632,26.71,69,100,12.03,overcast clouds
134,Kodiak,US,57.79,-152.4072,38.71,87,0,5.75,clear sky
135,Santa Cruz,BO,-17.8,-63.1667,75.25,64,41,8.05,smoke
136,Guerrero Negro,MX,27.9769,-114.0611,71.74,86,1,7.92,clear sky
137,Port Hedland,AU,-20.3167,118.5667,75.25,46,3,6.91,clear sky
138,Sao Felix Do Xingu,BR,-6.6447,-51.995,82.15,66,34,1.86,scattered clouds
139,Port Lincoln,AU,-34.7333,135.8667,56.68,94,100,7.05,overcast clouds
140,Cuddapah,IN,14.4667,78.8167,90.34,43,99,5.68,overcast clouds
141,Tecolutla,MX,20.4833,-97.0167,78.66,86,22,4.18,few clouds
142,Skjervoy,NO,70.0311,20.9714,55.4,74,43,14.72,scattered clouds
143,Antofagasta,CL,-23.65,-70.4,56.48,61,45,8.25,scattered clouds
144,Fortuna,US,40.5982,-124.1573,46.74,61,0,2.57,clear sky
145,Kapaa,US,22.0752,-159.319,76.98,89,0,5.75,clear sky
146,Panama City,PA,8.9936,-79.5197,80.44,94,40,5.75,scattered clouds
147,Acarau,BR,-2.8856,-40.12,84.65,59,11,18.19,few clouds
148,Lakes Entrance,AU,-37.8811,147.981,46.17,86,58,2.06,broken clouds
149,Coxim,BR,-18.5067,-54.76,86.27,32,74,5.19,broken clouds
150,Ribeira Grande,PT,38.5167,-28.7,75.6,78,20,12.66,few clouds
151,Jasper,US,37.2001,-94.3502,65.23,73,0,5.75,clear sky
152,Puerto Madero,MX,14.7208,-92.4215,79.0,100,100,9.22,overcast clouds
153,Santo Tomas,PH,14.1079,121.1414,77.25,92,100,21.43,heavy intensity rain
154,Wanning,CN,18.8003,110.3967,79.16,83,33,9.66,scattered clouds
155,New Norfolk,AU,-42.7826,147.0587,49.5,74,84,2.06,broken clouds
156,Yulara,AU,-25.2406,130.9889,70.16,55,100,10.11,overcast clouds
157,Angostura,MX,25.3667,-108.1833,77.0,93,39,3.56,scattered clouds
158,Norman Wells,CA,65.282,-126.8329,23.04,93,20,2.3,few clouds
159,Amapa,BR,1.0,-52.0,82.85,66,24,5.1,few clouds
160,Taksimo,RU,56.3444,114.8794,34.47,63,99,1.36,overcast clouds
161,Wageningen,NL,51.9667,5.6667,64.89,69,23,9.22,few clouds
162,Trinidad,BO,-14.8333,-64.9,75.18,73,30,5.75,smoke
163,Muncar,ID,-8.4333,114.3333,77.4,86,92,6.51,overcast clouds
164,Lukovetskiy,RU,64.2956,41.9211,47.46,72,99,7.4,overcast clouds
165,Chokurdakh,RU,70.6333,147.9167,29.28,81,93,7.0,overcast clouds
166,Lebu,CL,-37.6167,-73.65,46.06,83,73,2.42,broken clouds
167,Diffa,NE,13.3154,12.6113,98.42,25,59,3.49,broken clouds
168,Kristianstad,SE,56.0313,14.1524,63.36,73,75,9.22,broken clouds
169,Raudeberg,NO,61.9875,5.1352,47.95,36,100,28.92,light rain
170,Banikoara,BJ,11.2985,2.4386,88.09,58,85,3.87,overcast clouds
171,Ostrovnoy,RU,68.0531,39.5131,44.4,67,100,12.73,overcast clouds
172,Hithadhoo,MV,-0.6,73.0833,76.93,87,100,10.92,overcast clouds
173,Murfreesboro,US,35.8456,-86.3903,68.92,95,100,8.05,overcast clouds
174,Iqaluit,CA,63.7506,-68.5145,33.53,86,100,8.05,overcast clouds
175,Belen,TR,36.4891,36.2233,77.14,28,0,3.44,clear sky
176,Severo-Kurilsk,RU,50.6789,156.125,50.65,93,98,6.2,overcast clouds
177,Carbondale,US,37.7273,-89.2168,64.06,91,0,3.44,clear sky
178,Padang,ID,-0.9492,100.3543,78.85,84,95,2.42,overcast clouds
179,Kupang,ID,-10.1667,123.5833,79.93,79,43,7.25,scattered clouds
180,Innisfail,AU,-17.5333,146.0333,74.88,79,63,4.45,broken clouds
181,Hokitika,NZ,-42.7167,170.9667,53.62,91,100,1.72,overcast clouds
182,Port Elizabeth,ZA,-33.918,25.5701,64.69,90,20,26.46,few clouds
183,Dongsheng,CN,39.8161,109.9776,63.57,37,0,7.47,clear sky
184,Rocha,UY,-34.4833,-54.3333,55.87,57,100,6.13,overcast clouds
185,Voh,NC,-20.9667,164.7,71.89,89,30,4.12,scattered clouds
186,Axim,GH,4.8699,-2.2405,82.31,69,95,9.42,overcast clouds
187,Nantucket,US,41.2835,-70.0995,68.11,66,0,11.5,clear sky
188,Yaan,NG,7.3833,8.5667,85.1,64,98,0.31,overcast clouds
189,Kholodnyy,RU,62.7167,147.95,24.49,87,100,3.15,overcast clouds
190,Odweyne,SO,9.4092,45.064,85.6,30,36,7.52,scattered clouds
191,Port Hardy,CA,50.6996,-127.4199,50.0,100,100,2.3,mist
192,Bilibino,RU,68.0546,166.4372,26.04,90,100,2.55,overcast clouds
193,Gornopravdinsk,RU,60.05,69.9,38.93,76,96,8.66,overcast clouds
194,Nanortalik,GL,60.1432,-45.2371,49.98,72,100,14.83,light rain
195,Lavrentiya,RU,65.5833,-171.0,36.05,76,100,9.42,overcast clouds
196,Hamilton,US,39.1834,-84.5333,64.51,88,100,16.11,overcast clouds
197,Goderich,CA,43.7501,-81.7165,59.92,94,100,2.3,overcast clouds
198,Athabasca,CA,54.7169,-113.2854,34.21,61,29,8.12,scattered clouds
199,Huaihua,CN,27.5494,109.9592,69.49,71,99,1.12,overcast clouds
200,Mezoszilas,HU,46.8111,18.4779,59.83,82,100,2.77,overcast clouds
201,Georgetown,MY,5.4112,100.3354,84.88,74,20,3.44,few clouds
202,Isa Khel,AF,36.6702,68.8443,90.48,10,0,5.26,clear sky
203,Mocuba,MZ,-16.8392,36.9856,97.47,19,10,5.06,clear sky
204,Shunyi,CN,40.125,116.6453,60.75,82,0,0.0,clear sky
205,Moose Factory,CA,51.2585,-80.6094,42.78,100,0,4.61,clear sky
206,Faanui,PF,-16.4833,-151.75,77.63,76,13,19.06,light rain
207,Phan Thiet,VN,10.9333,108.1,79.99,85,95,4.7,light rain
208,Nuuk,GL,64.1835,-51.7216,43.88,49,75,18.01,broken clouds
209,Arraial Do Cabo,BR,-22.9661,-42.0278,73.36,68,75,8.05,broken clouds
210,Lata,PT,40.1629,-8.3327,68.92,30,62,10.22,broken clouds
211,Carauari,BR,-4.8828,-66.8958,76.15,89,87,1.28,overcast clouds
212,Gizo,SB,-8.103,156.8419,81.99,75,100,6.64,light rain
213,Cherskiy,RU,68.75,161.3,30.58,74,100,2.48,overcast clouds
214,Karratha,AU,-20.7377,116.8463,79.68,39,3,16.44,clear sky
215,Megion,RU,61.0296,76.1136,33.82,60,94,13.42,overcast clouds
216,Beloha,MG,-25.1667,45.05,95.4,15,0,4.92,clear sky
217,Abeche,TD,13.8292,20.8324,95.02,27,20,4.61,few clouds
218,North Bend,US,43.4065,-124.2243,52.86,100,100,0.0,fog
219,Akhmim,EG,26.5622,31.745,110.1,7,0,10.38,clear sky
220,Altamont,US,42.2068,-121.7372,52.79,70,0,0.0,clear sky
221,Plateros,MX,23.2167,-102.85,47.52,59,7,5.28,clear sky
222,Avera,US,33.194,-82.5271,63.55,83,9,5.03,clear sky
223,Pindiga,NG,9.9833,10.9333,85.28,57,100,3.49,overcast clouds
224,Pacific Grove,US,36.6177,-121.9166,60.03,91,100,5.99,overcast clouds
225,Chake Chake,TZ,-5.2459,39.7666,79.02,78,63,12.5,light rain
226,Bardiyah,LY,31.7561,25.0865,77.38,59,2,12.86,clear sky
227,Keetmanshoop,NA,-26.5833,18.1333,89.24,9,81,16.06,broken clouds
228,Salalah,OM,17.0151,54.0924,84.29,84,75,14.97,broken clouds
229,Kargil,IN,34.5667,76.1,40.59,96,100,3.76,overcast clouds
230,Kerman,IR,30.2832,57.0788,87.66,12,0,6.91,clear sky
231,Okmulgee,US,35.6234,-95.9605,71.38,100,0,9.22,clear sky
232,Geraldton,AU,-28.7667,114.6,59.41,77,0,10.36,clear sky
233,Bira,RU,49.0,132.4667,51.1,94,5,2.19,clear sky
234,Nueve De Julio,AR,-35.4444,-60.8831,54.97,77,60,1.99,broken clouds
235,Ciudad Bolivar,VE,8.1222,-63.5497,80.24,78,99,6.38,overcast clouds
236,Pauini,BR,-7.7136,-66.9764,79.83,72,93,0.72,overcast clouds
237,Miri,MY,4.4148,114.0089,78.94,89,20,3.44,few clouds
238,Saint George,US,37.1041,-113.5841,63.19,34,0,0.0,clear sky
239,Sao Jose Da Coroa Grande,BR,-8.8978,-35.1478,80.53,66,14,11.32,few clouds
240,Taoudenni,ML,22.6783,-3.9836,110.62,9,61,16.22,broken clouds
241,Mustafakemalpasa,TR,40.0353,28.4117,71.65,18,4,5.55,clear sky
242,Torbay,CA,47.6666,-52.7314,58.57,77,75,20.71,broken clouds
243,Coihaique,CL,-45.5752,-72.0662,42.75,81,75,5.75,broken clouds
244,Carutapera,BR,-1.195,-46.02,84.96,63,15,8.93,few clouds
245,East London,ZA,-33.0153,27.9116,83.34,61,0,5.75,clear sky
246,Half Moon Bay,US,37.4636,-122.4286,62.49,93,100,6.91,overcast clouds
247,Mahajanga,MG,-15.7167,46.3167,89.62,45,20,13.8,few clouds
248,Tournon-Sur-Rhone,FR,45.0667,4.8333,68.34,56,20,10.36,few clouds
249,Hofn,IS,64.2539,-15.2082,45.52,50,17,26.08,few clouds
250,Kropotkin,RU,45.4375,40.5756,64.67,41,16,17.43,few clouds
251,Cape Coast,GH,5.1053,-1.2466,80.15,78,92,10.33,light rain
252,Constitucion,CL,-35.3333,-72.4167,50.43,81,90,3.78,overcast clouds
253,Vostok,RU,46.4856,135.8833,49.1,82,95,4.09,overcast clouds
254,Muborak,UZ,39.2553,65.1528,91.94,8,0,9.4,clear sky
255,Mindelo,CV,16.8901,-24.9804,83.75,65,40,8.05,scattered clouds
256,Anadyr,RU,64.75,177.4833,30.7,74,0,13.42,clear sky
257,Klaksvik,FO,62.2266,-6.589,50.92,73,81,37.94,broken clouds
258,Rawson,AR,-43.3002,-65.1023,52.32,63,23,11.56,few clouds
259,Merrill,US,45.1805,-89.6835,55.17,97,100,4.61,overcast clouds
260,Shuangcheng,CN,45.35,126.2833,65.88,77,4,15.37,clear sky
261,Kapit,MY,2.0167,112.9333,76.46,95,100,1.23,overcast clouds
262,Stratford,US,41.1845,-73.1332,63.95,82,75,0.0,broken clouds
263,Kasongo-Lunda,CD,-6.4667,16.8167,85.73,50,100,3.98,overcast clouds
264,Mari-Turek,RU,56.7895,49.6235,49.35,89,100,7.96,moderate rain
265,Santa Isabel,BR,-23.3156,-46.2214,60.51,62,79,6.22,broken clouds
266,Khasan,RU,42.4308,130.6434,60.13,85,95,4.7,overcast clouds
267,Verin,ES,41.9415,-7.4381,65.57,33,0,0.92,clear sky
268,Belaya Gora,RU,68.5333,146.4167,27.79,86,17,5.23,few clouds
269,Shieli,KZ,44.1667,66.75,92.23,10,0,7.43,clear sky
270,Pustomyty,UA,49.7153,23.913,56.12,66,100,6.85,overcast clouds
271,San Patricio,US,28.017,-97.5169,80.49,83,1,4.83,clear sky
272,Ixtapa,MX,20.7,-105.2,78.22,94,20,5.75,few clouds
273,Saint Anthony,US,45.0205,-93.218,55.0,88,0,9.22,clear sky
274,Sitka,US,57.0531,-135.33,55.29,88,100,5.75,mist
275,Latung,PH,5.5,120.8833,84.61,74,100,12.24,overcast clouds
276,Orotukan,RU,62.2667,151.7,26.31,88,100,0.38,overcast clouds
277,Havre-Saint-Pierre,CA,50.2334,-63.5986,43.16,87,100,16.11,overcast clouds
278,Gardez,AF,33.5974,69.2259,70.36,10,0,5.75,clear sky
279,Yar-Sale,RU,66.8333,70.8333,35.58,63,92,14.58,overcast clouds
280,Pisco,PE,-13.7,-76.2167,59.05,77,20,11.5,smoke
281,Azovo,RU,54.6997,73.0237,51.55,62,99,16.62,overcast clouds
282,Ornskoldsvik,SE,63.2909,18.7153,54.55,87,100,9.22,overcast clouds
283,Urusha,RU,54.05,122.9,38.39,73,98,4.5,overcast clouds
284,Shahr-E Babak,IR,30.1165,55.1186,84.47,8,0,13.18,clear sky
285,Fare,PF,-16.7,-151.0167,77.23,77,10,20.04,light rain
286,Tazmalt,DZ,36.3868,4.3989,78.3,46,100,12.39,light rain
287,Porto Santo,PT,33.072,-16.3415,73.78,64,40,18.41,scattered clouds
288,Cayenne,GF,4.9333,-52.3333,84.24,74,75,6.91,broken clouds
289,Bonavista,CA,48.6499,-53.1147,57.04,80,78,21.94,broken clouds
290,Harindanga,IN,22.0383,88.3214,82.27,77,86,7.34,overcast clouds
291,Hervey Bay,AU,-25.2986,152.8535,68.29,61,0,4.85,clear sky
292,Abu Dhabi,AE,24.4667,54.3667,96.91,66,0,10.36,clear sky
293,Tra Vinh,VN,9.9347,106.3453,78.91,87,82,4.14,moderate rain
294,Gat,IL,31.61,34.7642,96.4,34,0,16.58,clear sky
295,Nador,MA,35.174,-2.9287,82.47,47,20,6.91,few clouds
296,Tazovskiy,RU,67.4667,78.7,31.66,71,100,17.56,overcast clouds
297,Kisesa,TZ,-3.0833,34.15,85.15,24,97,8.41,overcast clouds
298,Estelle,US,29.8458,-90.1067,78.78,82,15,0.0,mist
299,Broome,US,42.2506,-75.833,55.71,78,100,5.75,overcast clouds
300,Prachin Buri,TH,14.0833,101.6667,73.87,99,100,2.39,moderate rain
301,Paraiso,CR,9.8383,-83.8656,63.41,93,92,1.07,overcast clouds
302,Clyde River,CA,70.4692,-68.5914,41.23,65,0,17.27,clear sky
303,Ballina,AU,-28.8667,153.5667,62.02,95,0,3.94,clear sky
304,Kenai,US,60.5544,-151.2583,39.15,98,75,4.61,broken clouds
305,Deputatskiy,RU,69.3,139.9,22.71,92,100,3.36,overcast clouds
306,Qaqortoq,GL,60.7167,-46.0333,51.42,57,100,9.33,overcast clouds
307,San-Pedro,CI,4.7485,-6.6363,78.71,84,100,9.06,light rain
308,Supaul,IN,26.1167,86.6,81.39,82,100,5.39,overcast clouds
309,Luderitz,NA,-26.6481,15.1594,60.78,63,30,10.25,scattered clouds
310,Kamenka,RU,51.3223,42.7678,48.13,81,100,15.1,overcast clouds
311,Barrow,US,71.2906,-156.7887,30.22,86,100,17.27,overcast clouds
312,Palmer,US,42.1584,-72.3287,55.18,86,75,0.0,broken clouds
313,Boende,CD,-0.2167,20.8667,93.81,35,43,2.15,scattered clouds
314,Kununurra,AU,-15.7667,128.7333,82.38,57,100,10.36,overcast clouds
315,Mahon,ES,39.8885,4.2658,72.16,68,75,16.11,broken clouds
316,Chapais,CA,49.7834,-74.8492,44.38,73,42,2.8,scattered clouds
317,Umm Lajj,SA,25.0213,37.2685,92.52,45,94,7.58,overcast clouds
318,Herat,AF,34.5,62.0,79.95,10,0,26.98,clear sky
319,Gaimersheim,DE,48.807,11.368,59.77,80,75,2.3,broken clouds
320,Xichang,CN,27.8964,102.2634,59.18,92,99,0.51,moderate rain
321,Orocue,CO,4.7912,-71.3354,80.17,73,82,3.24,broken clouds
322,Victor Harbor,AU,-35.5667,138.6167,55.69,93,100,2.42,light rain
323,Rio Novo,BR,-21.4575,-43.1253,67.41,67,100,5.12,overcast clouds
324,San Felipe,VE,10.3399,-68.7425,81.57,71,100,0.58,overcast clouds
325,Aksarka,RU,66.5606,67.7975,32.9,62,81,10.89,broken clouds
326,Shimoda,JP,34.6667,138.95,71.1,78,84,8.55,broken clouds
327,Coalinga,US,36.1397,-120.3602,62.85,32,0,0.65,clear sky
328,Lander,US,42.833,-108.7307,57.79,70,0,3.44,clear sky
329,Tebingtinggi,ID,3.3285,99.1625,76.59,93,99,0.96,overcast clouds
330,Mogadishu,SO,2.0371,45.3438,84.07,70,40,14.97,scattered clouds
331,Khanpur,PK,28.6453,70.6567,95.36,26,0,8.93,clear sky
332,Dalby,AU,-27.1833,151.2667,55.98,64,0,6.76,clear sky
333,Sarangani,PH,5.4033,125.4636,81.93,79,100,14.0,overcast clouds
334,Paciran,ID,-6.8767,112.3761,82.76,74,100,6.42,overcast clouds
335,Aktas,KZ,49.7789,72.9608,72.39,25,100,7.07,overcast clouds
336,Kuldur,RU,49.2167,131.6333,49.6,95,63,4.5,broken clouds
337,Warwick,US,41.7001,-71.4162,61.45,82,75,5.75,broken clouds
338,Shizilu,CN,35.1711,118.8289,62.78,76,99,4.45,overcast clouds
339,Novopavlovka,RU,51.2172,109.2091,39.45,66,100,1.52,overcast clouds
340,Nome,US,64.5011,-165.4064,39.27,93,75,3.44,broken clouds
341,San Policarpo,PH,12.1791,125.5072,79.54,84,100,6.24,overcast clouds
342,Mount Gambier,AU,-37.8333,140.7667,49.87,91,100,2.62,light rain
343,Mbandaka,CD,0.0487,18.2603,86.34,52,100,0.51,overcast clouds
344,Scottsbluff,US,41.8666,-103.6672,44.83,76,0,8.05,clear sky
345,Penzance,GB,50.1186,-5.5371,64.76,66,100,8.61,overcast clouds
346,Moree,AU,-29.4667,149.85,55.87,59,0,8.19,clear sky
347,Mukhen,RU,48.1,136.1,52.45,84,100,5.19,overcast clouds
348,Urubicha,BO,-15.3833,-62.95,87.84,36,100,5.1,overcast clouds
349,Lensk,RU,60.7253,114.9278,31.91,88,100,4.97,overcast clouds
350,Sungairaya,ID,0.7,108.9,77.81,90,100,2.77,overcast clouds
351,Pishin,PK,30.5803,66.9961,80.65,9,0,10.78,clear sky
352,Vao,NC,-22.6667,167.4833,73.26,83,0,11.48,clear sky
353,Henties Bay,NA,-22.116,14.2845,60.12,71,24,12.93,few clouds
354,Zhigansk,RU,66.7697,123.3711,30.24,89,100,8.59,overcast clouds
355,Taltal,CL,-25.4,-70.4833,62.56,61,26,3.4,scattered clouds
356,Fort-Shevchenko,KZ,44.5086,50.263,65.64,49,0,21.81,clear sky
357,Teguldet,RU,57.3064,88.1667,38.86,83,100,6.15,overcast clouds
358,Papenburg,DE,53.0667,7.4,62.98,67,92,8.99,overcast clouds
359,Puerto Escondido,MX,15.85,-97.0667,74.23,68,75,5.75,broken clouds
360,Tibiri,NE,13.5627,7.0485,89.94,66,20,9.22,few clouds
361,Codrington,AU,-38.2667,141.9667,52.63,78,100,1.88,light rain
362,Limin Khersonisou,GR,35.3162,25.3928,76.89,53,0,5.75,clear sky
363,Kavaratti,IN,10.5669,72.642,82.17,74,66,13.73,broken clouds
364,Penalva,BR,-3.2942,-45.1736,86.61,56,10,6.46,clear sky
365,Victoria,HK,22.2855,114.1577,84.38,76,5,7.0,clear sky
366,Piedra Gorda,PR,18.4341,-66.8877,82.26,79,100,7.0,overcast clouds
367,Huarmey,PE,-10.0681,-78.1522,62.38,83,93,10.18,overcast clouds
368,Zemio,CF,5.0314,25.1361,85.19,59,100,1.34,overcast clouds
369,Sur,OM,22.5667,59.5289,88.99,58,6,6.53,clear sky
370,Wukari,NG,7.85,9.7833,87.37,58,51,4.07,broken clouds
371,Otane,NZ,-39.8833,176.6333,51.01,93,100,0.51,overcast clouds
372,Wenatchee,US,47.4235,-120.3103,61.39,63,0,4.61,clear sky
373,Natal,BR,-5.795,-35.2094,84.42,70,75,11.5,broken clouds
374,Sioux Lookout,CA,50.1001,-91.917,51.87,100,100,5.75,light intensity shower rain
375,Aklavik,CA,68.2191,-135.0107,35.74,96,100,5.03,overcast clouds
376,Pyaozerskiy,RU,65.8333,31.1667,45.79,63,100,6.91,overcast clouds
377,Imbituba,BR,-28.24,-48.6703,62.85,61,81,12.37,broken clouds
378,Fauldhouse,GB,55.8275,-3.7074,56.1,80,100,17.69,overcast clouds
379,Tautira,PF,-17.7333,-149.15,75.97,77,97,24.4,light rain
380,Paracuru,BR,-3.41,-39.0306,81.1,55,41,14.99,scattered clouds
381,Mucurapo,TT,10.6667,-61.5333,86.05,87,98,5.66,overcast clouds
382,Kattivakkam,IN,13.2167,80.3167,91.49,68,53,7.14,broken clouds
383,Ormara,PK,25.2088,64.6357,81.54,80,14,13.56,few clouds
384,Trimbak,IN,19.9333,73.55,68.52,92,53,4.47,broken clouds
385,Rio Gallegos,AR,-51.6226,-69.2181,41.05,42,0,13.8,clear sky
386,Paita,PE,-5.0892,-81.1144,63.21,82,90,14.67,overcast clouds
387,Boguchany,RU,58.3814,97.4531,31.64,91,21,2.21,few clouds
388,Corinto,GR,37.9407,22.9573,76.89,35,10,3.09,clear sky
389,Komsomolskiy,UZ,40.4272,71.7189,79.86,16,0,4.38,clear sky
390,Sulangan,PH,11.1373,123.7228,83.25,76,100,13.94,light rain
391,Nouadhibou,MR,20.931,-17.0347,82.38,83,40,11.5,scattered clouds
392,Naqadeh,IR,36.9553,45.388,73.81,36,0,8.55,clear sky
393,Sungaipenuh,ID,-2.0833,101.3833,65.21,97,63,1.07,broken clouds
394,Kardla,EE,58.9978,22.7492,58.05,76,0,5.75,clear sky
395,Itarema,BR,-2.9248,-39.9167,86.67,56,22,17.6,few clouds
396,Mogocha,RU,53.7333,119.7667,35.73,64,100,3.42,overcast clouds
397,Springbok,ZA,-29.6643,17.8865,66.27,26,100,16.17,overcast clouds
398,Khatanga,RU,71.9667,102.5,23.02,95,100,6.2,overcast clouds
399,Lengshuijiang,CN,27.6881,111.4294,70.07,74,47,3.29,scattered clouds
400,Mayumba,GA,-3.432,10.6554,77.45,80,83,11.56,broken clouds
401,Bambous Virieux,MU,-20.3428,57.7575,75.45,64,75,13.8,broken clouds
402,Rio Grande,BR,-32.035,-52.0986,64.51,74,0,15.77,clear sky
403,Jalu,LY,29.0331,21.5482,90.57,31,8,8.61,clear sky
404,Sarab,IR,38.6066,44.9883,74.01,29,1,11.14,clear sky
405,Airai,TL,-8.9266,125.4092,61.16,78,35,2.1,scattered clouds
406,Prince Rupert,CA,54.3161,-130.3201,55.49,100,100,5.75,overcast clouds
407,Fallon,US,39.4735,-118.7774,62.78,27,0,1.74,clear sky
408,Saint-Pierre,RE,-21.3393,55.4781,76.68,61,0,28.77,clear sky
409,Puri,IN,19.8,85.85,81.12,75,99,7.31,overcast clouds
410,Lorengau,PG,-2.0226,147.2712,82.15,75,100,13.11,overcast clouds
411,Bowen,AU,-20.0167,148.2333,74.97,78,4,12.59,clear sky
412,Cockburn Town,TC,21.4612,-71.1419,82.76,78,95,15.82,overcast clouds
413,Jinchang,CN,38.4953,102.1739,66.67,22,66,4.79,broken clouds
414,Buin,CL,-33.7333,-70.75,55.74,75,21,1.97,few clouds
415,Alyangula,AU,-13.8483,136.4192,77.18,80,7,8.05,clear sky
416,Neyshabur,IR,36.2133,58.7958,87.98,11,0,11.54,clear sky
417,Muzhi,RU,65.3667,64.6667,33.69,62,9,5.06,clear sky
418,Crateus,BR,-5.1783,-40.6775,85.8,44,65,9.62,broken clouds
419,Grottammare,IT,42.9888,13.8649,72.66,70,100,9.46,overcast clouds
420,Torbat-E Jam,IR,35.244,60.6225,86.07,8,0,18.34,clear sky
421,Mandera,KE,3.9366,41.867,92.91,30,85,11.74,overcast clouds
422,Balabac,PH,7.9868,117.0645,80.85,80,100,19.04,light rain
423,Dezful,IR,32.3811,48.4058,109.22,6,0,7.99,clear sky
424,Maxixe,MZ,-23.8597,35.3472,82.22,69,20,11.5,few clouds
425,Hasaki,JP,35.7333,140.8333,70.2,87,100,17.78,overcast clouds
426,Varberg,SE,57.1056,12.2508,57.24,92,60,4.45,broken clouds
427,Dunedin,NZ,-45.8742,170.5036,49.8,85,100,3.0,overcast clouds
428,Cullera,ES,39.1667,-0.25,78.69,64,100,8.99,overcast clouds
429,Banjarmasin,ID,-3.3244,114.591,80.74,87,34,4.14,scattered clouds
430,Longview,US,32.5007,-94.7405,68.99,83,0,4.88,clear sky
431,Camana,PE,-16.6228,-72.7111,61.14,79,93,9.8,overcast clouds
432,Grindavik,IS,63.8424,-22.4338,45.07,61,75,24.16,broken clouds
433,Sawtell,AU,-30.3833,153.1,57.18,94,2,0.0,clear sky
434,Babaeski,TR,41.4325,27.0931,77.58,22,13,8.86,few clouds
435,Hovd,MN,48.0056,91.6419,56.64,37,14,1.12,few clouds
436,Kindu,CD,-2.95,25.95,92.01,38,100,2.26,overcast clouds
437,Sagar,IN,23.8333,78.7167,76.6,82,88,5.32,overcast clouds
438,Sola,VU,-13.8833,167.55,80.33,79,22,11.14,few clouds
439,Kloulklubed,PW,7.0419,134.2556,75.7,75,100,12.01,overcast clouds
440,Sandy Bay,AU,-42.913,147.3532,49.89,92,0,1.01,clear sky
441,Minot,US,48.2325,-101.2963,50.22,57,0,16.11,clear sky
442,Ossora,RU,59.2353,163.0719,43.25,81,100,11.81,overcast clouds
443,Semey,KZ,50.4111,80.2275,79.02,21,0,2.24,clear sky
444,Fort Morgan,US,40.2503,-103.8,47.05,76,0,3.44,clear sky
445,Xinqing,CN,48.2333,129.5,55.08,74,100,6.53,overcast clouds
446,Portland,US,45.5234,-122.6762,61.61,85,0,4.0,clear sky
447,La Asuncion,VE,11.0333,-63.8628,80.33,100,37,6.91,scattered clouds
448,Katherine,AU,-14.4667,132.2667,80.92,21,89,5.75,overcast clouds
449,Ichhawar,IN,23.0167,77.0167,82.49,77,60,5.41,broken clouds
450,Weymouth,US,42.2209,-70.9398,58.84,84,40,5.99,scattered clouds
451,Dalianwan,CN,39.0286,121.695,64.44,68,0,2.24,clear sky
452,Zomba,MW,-15.386,35.3188,84.09,27,42,6.26,scattered clouds
453,Smithers,CA,54.7804,-127.1743,50.32,100,100,0.0,overcast clouds
454,Ust-Nera,RU,64.5667,143.2,19.74,92,23,3.44,few clouds
455,Kayes,ML,14.0,-11.0,88.09,58,97,6.31,light rain
456,South Gate,US,33.9547,-118.212,78.26,89,0,4.61,clear sky
457,Liverpool,GB,53.4106,-2.9779,60.3,70,40,13.8,scattered clouds
458,Contamana,PE,-7.3333,-75.0167,83.37,58,21,1.81,few clouds
459,Yongan,CN,39.6957,113.6871,59.76,38,0,3.6,clear sky
460,Tanhacu,BR,-14.0214,-41.2481,74.53,70,100,10.16,overcast clouds
461,Nemuro,JP,43.3236,145.575,61.65,83,80,7.63,broken clouds
462,Flin Flon,CA,54.7682,-101.865,46.24,66,0,9.22,clear sky
463,La Mana,EC,-0.9333,-79.2167,72.07,86,100,2.37,overcast clouds
464,Zhuhai,CN,22.2769,113.5678,83.98,74,0,9.22,clear sky
465,Mahanoro,MG,-19.9,48.8,74.89,63,0,9.01,clear sky
466,Cedar City,US,37.6775,-113.0619,53.4,49,0,3.44,clear sky
467,Niwari,IN,28.8833,77.5333,75.34,92,26,5.17,scattered clouds
468,Ippy,CF,6.2679,21.2247,84.99,61,20,2.75,few clouds
469,Kirensk,RU,57.7853,108.1119,33.84,86,94,3.2,overcast clouds
470,Ardakan,IR,32.31,54.0175,95.43,7,0,6.51,clear sky
471,Iralaya,HN,15.0,-83.2333,79.43,86,18,8.25,few clouds
472,Beringovskiy,RU,63.05,179.3167,33.51,63,53,11.12,broken clouds
473,Hailey,US,43.5196,-114.3153,46.89,70,0,8.05,clear sky
474,Cabanas,CU,22.9758,-82.9219,80.47,78,33,4.56,scattered clouds
475,Troitsko-Pechorsk,RU,62.7084,56.1964,40.75,61,5,10.96,clear sky
476,Isiolo,KE,0.3546,37.5822,88.43,24,41,18.1,scattered clouds
477,Jiuquan,CN,39.7432,98.5174,65.75,13,0,7.38,clear sky
478,Olga,RU,43.7444,135.2892,56.03,85,100,3.8,overcast clouds
479,Mezhdurechensk,RU,53.6942,88.0603,54.41,80,100,3.38,light rain
480,Port Macquarie,AU,-31.4333,152.9167,55.89,94,100,0.0,overcast clouds
481,Asfi,MA,32.2994,-9.2372,70.5,73,100,10.87,overcast clouds
482,Jawhar,SO,2.7809,45.5005,89.69,35,5,19.95,clear sky
483,Ayan,RU,56.45,138.1667,44.29,80,100,7.25,light rain
484,Marawi,PH,7.9986,124.2928,70.16,90,100,5.21,overcast clouds
485,Bongandanga,CD,1.5,21.05,86.97,54,100,0.56,overcast clouds
486,Sakakah,SA,29.9697,40.2064,99.97,17,0,3.69,clear sky
487,Saint-Joseph,RE,-21.3667,55.6167,75.58,72,19,16.49,few clouds
488,Udachnyy,RU,66.4167,112.4,26.46,79,94,6.87,overcast clouds
489,Sao Gabriel Da Cachoeira,BR,-0.1303,-67.0892,80.02,76,30,2.39,scattered clouds
490,Grajau,BR,-5.8194,-46.1386,87.82,54,14,5.21,few clouds
491,Tuatapere,NZ,-46.1333,167.6833,50.11,91,98,1.63,overcast clouds
492,Adrar,MR,20.5022,-10.0711,97.66,25,12,10.36,few clouds
493,Griffith,US,41.5284,-87.4237,60.01,84,100,11.5,overcast clouds
494,Ternate,ID,0.8,127.4,81.48,78,29,9.17,scattered clouds
495,Bria,CF,6.5423,21.9863,86.45,59,24,1.81,few clouds
496,Manono,CD,-7.3,27.4167,93.52,27,99,3.04,overcast clouds
497,Gacko,BA,43.1672,18.5353,51.53,98,100,8.03,overcast clouds
498,Sinegorye,RU,62.0788,150.477,26.11,90,100,0.18,overcast clouds
499,Ode,NG,7.7899,5.7117,82.31,66,85,2.95,light rain
500,Faya,SA,18.3851,42.4509,82.51,22,92,8.52,overcast clouds
501,Mandurah,AU,-32.55,115.7,58.91,78,0,10.63,clear sky
502,Saint-Georges,GD,12.0564,-61.7485,85.68,74,20,0.0,few clouds
503,Bengkulu,ID,-3.8004,102.2655,78.24,84,96,3.51,overcast clouds
504,Mancio Lima,BR,-7.6142,-72.8958,75.27,94,56,2.3,smoke
505,Palmerston,AU,-12.486,130.9833,82.38,81,0,4.61,clear sky
506,Gurupa,BR,-1.405,-51.64,87.89,57,13,5.21,few clouds
507,Kulachi,PK,31.9286,70.4592,94.55,33,1,7.07,clear sky
508,High Level,CA,58.5169,-117.136,32.11,100,0,0.0,clear sky
509,Srednekolymsk,RU,67.45,153.6833,31.03,71,12,7.31,few clouds
510,Coquimbo,CL,-29.9533,-71.3436,49.73,100,100,4.61,overcast clouds
511,Zhob,PK,31.3411,69.4481,85.6,11,0,8.52,clear sky
512,Noormarkku,FI,61.5927,21.8685,56.98,62,0,3.44,clear sky
513,Mairi,BR,-11.7114,-40.1489,81.48,47,65,12.15,broken clouds
514,Enkoping,SE,59.6361,17.0777,60.82,58,57,3.31,broken clouds
515,Gamba,GA,-2.65,10.0,78.64,77,86,11.88,overcast clouds
516,Kruisfontein,ZA,-34.0033,24.7314,67.89,54,69,20.13,broken clouds
517,Inhambane,MZ,-23.865,35.3833,82.38,69,20,11.5,few clouds
518,Pundaguitan,PH,6.3711,126.1689,83.52,75,100,10.83,light rain
519,Tucuman,AR,-26.8241,-65.2226,62.6,39,0,12.66,clear sky
520,Quatre Cocos,MU,-20.2078,57.7625,75.31,73,12,16.46,few clouds
521,Kyaikto,MM,17.3,97.0167,77.88,87,94,2.3,overcast clouds
522,Pokrovsk,UA,48.282,37.1758,62.13,34,9,19.33,clear sky
523,Biltine,TD,14.5333,20.9167,98.04,17,8,3.96,clear sky
524,Asau,RO,46.4333,26.4,65.32,40,38,3.76,scattered clouds
525,Anchorage,US,61.2181,-149.9003,45.68,91,40,0.0,light rain
526,Ambilobe,MG,-13.2,49.05,84.92,43,0,3.4,clear sky
527,Sfantu Gheorghe,RO,45.8667,25.7833,71.85,52,51,1.28,broken clouds
528,Puerto Ayacucho,VE,5.6639,-67.6236,78.89,83,100,0.47,overcast clouds
529,Caxito,AO,-8.5785,13.6643,92.82,38,76,10.58,broken clouds
530,Margate,GB,51.3813,1.3862,62.91,56,19,7.0,few clouds
531,Mae Sai,TH,20.4335,99.8762,75.13,84,53,1.32,broken clouds
532,Kungurtug,RU,50.5994,97.5228,44.83,52,99,2.26,overcast clouds
533,Fairbanks,US,64.8378,-147.7164,40.3,87,0,0.0,clear sky
534,Rabo De Peixe,PT,37.8,-25.5833,73.27,86,40,13.8,scattered clouds
535,Kitami,JP,43.8031,143.8908,58.12,89,100,1.99,overcast clouds
536,Sedalia,US,38.7045,-93.2283,58.91,67,0,3.44,clear sky
537,Hashtgerd,IR,35.9642,50.6858,91.24,24,0,11.86,clear sky
538,Dobrinka,RU,52.1653,40.4731,46.0,86,100,14.32,overcast clouds
539,Manoel Urbano,BR,-8.8389,-69.2597,83.82,60,100,1.79,overcast clouds
540,Atar,MR,20.5169,-13.0499,91.45,27,97,6.91,overcast clouds
541,Kolondieba,ML,11.0882,-6.8926,76.98,82,98,3.56,overcast clouds
542,Awbari,LY,26.5921,12.7805,95.09,21,4,8.25,clear sky
543,Kahului,US,20.8947,-156.47,77.85,73,0,5.75,clear sky
544,San Ramon,US,37.7799,-121.978,62.6,84,0,4.61,clear sky
545,Raigarh,IN,21.9,83.4,78.89,81,100,2.55,overcast clouds
546,Mangan,IN,27.5167,88.5333,73.98,88,100,1.34,overcast clouds
547,Fereydun Kenar,IR,36.6864,52.5225,74.44,82,100,12.19,moderate rain
548,Chateauroux,FR,46.8167,1.7,59.0,82,100,10.36,overcast clouds
549,Aleksandrovsk,RU,59.158,57.5624,46.8,62,100,15.37,overcast clouds
550,Plattsburgh,US,44.6995,-73.4529,55.06,80,20,3.44,few clouds
551,Nassau,US,40.7507,-73.5829,65.01,77,100,8.05,overcast clouds
552,Hailar,CN,49.2,119.7,41.38,33,0,12.28,clear sky
553,Balad,IQ,34.0164,44.1453,94.15,17,0,17.2,clear sky
554,Pingxiang,CN,27.6167,113.85,70.99,65,89,0.49,overcast clouds
555,Kamiiso,JP,41.8167,140.65,60.66,83,100,2.33,overcast clouds
556,Riyadh,SA,24.6877,46.7219,96.94,10,3,15.99,clear sky
557,Sabang,ID,5.8933,95.3214,82.53,79,100,18.97,overcast clouds
558,Port Blair,IN,11.6667,92.75,80.64,89,40,2.3,mist
559,Valleyview,CA,55.0667,-117.2859,44.64,70,73,11.5,broken clouds
560,Flinders,AU,-34.5833,150.8552,56.17,85,5,4.0,clear sky
561,Mekhe,SN,15.1097,-16.6218,89.29,53,91,3.96,overcast clouds
562,Rubizhne,UA,49.0123,38.3797,62.82,40,15,18.03,few clouds
563,Necochea,AR,-38.5473,-58.7368,52.75,90,100,7.63,overcast clouds
564,Kalengwa,ZM,-13.4659,25.0027,95.76,11,100,3.69,overcast clouds
565,Xinzhi,CN,36.4989,111.7047,70.09,41,0,2.95,clear sky
566,Takoradi,GH,4.8845,-1.7554,79.21,79,65,10.58,light rain
567,Matadi,CD,-5.8167,13.45,95.05,36,92,5.03,overcast clouds
568,Berlevag,NO,70.8578,29.0864,53.6,54,7,9.22,clear sky
569,Kautokeino,NO,69.0125,23.0412,43.74,91,100,19.55,overcast clouds
570,Hastings,GB,50.8552,0.5729,63.39,51,28,8.32,scattered clouds
571,Petropavlovsk-Kamchatskiy,RU,53.0452,158.6483,43.39,100,75,6.71,broken clouds
572,Nefteyugansk,RU,61.0998,72.6035,35.44,65,91,14.65,overcast clouds
573,Verkhnyaya Inta,RU,65.9811,60.3094,36.64,63,0,11.77,clear sky
574,Vaxjo,SE,56.8777,14.8091,60.58,67,75,8.05,broken clouds
575,Dicabisagan,PH,17.0818,122.4157,80.04,91,100,9.44,overcast clouds
576,Cananeia,BR,-25.0147,-47.9267,64.56,68,100,2.48,overcast clouds
577,Gallup,US,35.5281,-108.7426,40.84,81,0,3.44,clear sky
578,Taywarah,AF,33.35,64.4167,64.96,5,0,6.98,clear sky
579,Paamiut,GL,61.994,-49.6678,46.8,55,100,6.11,overcast clouds
580,Garoua,CM,9.3,13.4,86.0,62,89,3.29,overcast clouds
581,Kabinda,CD,-6.1333,24.4833,85.48,42,100,3.33,overcast clouds
582,Harda,IN,22.3333,77.1,78.67,74,72,0.98,broken clouds
583,Homer,US,59.6425,-151.5483,45.77,81,100,5.75,overcast clouds
584,Moussoro,TD,13.6408,16.4901,99.14,25,13,1.74,few clouds
585,Poso,ID,-1.3959,120.7524,77.5,76,100,4.41,overcast clouds
586,Abut,PH,17.3523,121.6036,75.78,93,100,3.22,overcast clouds
587,Minudasht,IR,37.2289,55.3747,80.17,65,75,4.61,broken clouds
588,Urucui,BR,-7.2294,-44.5561,84.76,60,49,9.01,scattered clouds
589,Los Llanos De Aridane,ES,28.6585,-17.9182,69.55,99,100,8.05,heavy intensity drizzle
590,Ouadda,CF,8.0777,22.4007,84.56,60,46,2.01,scattered clouds
591,Kyakhta,RU,50.3508,106.4494,42.31,55,36,4.03,scattered clouds
592,Teya,RU,60.3778,92.6267,33.15,96,100,1.39,overcast clouds
593,Miles City,US,46.4083,-105.8406,45.57,57,0,9.22,clear sky
594,Madang,PG,-5.2246,145.7966,77.86,85,86,2.28,overcast clouds
595,Russell,US,32.3502,-85.1999,65.01,100,0,0.0,clear sky
596,Bitung,ID,1.4451,125.1824,79.65,81,98,14.0,overcast clouds
597,Isangel,VU,-19.55,169.2667,78.91,83,40,6.91,light rain
598,Oxford,GB,51.7522,-1.256,63.19,47,40,8.05,scattered clouds
599,Balykshi,KZ,47.0667,51.8667,66.25,33,6,22.55,clear sky
600,Nishihara,JP,26.1842,127.7558,82.45,89,75,11.5,light intensity shower rain
601,Waingapu,ID,-9.6567,120.2641,79.47,77,100,3.62,overcast clouds
602,Witu,KE,-2.3889,40.4382,84.36,66,42,15.75,scattered clouds
603,Nsukka,NG,6.8561,7.3927,81.39,68,75,2.1,light rain
604,Verkhnyaya Toyma,RU,62.2349,44.9985,44.29,91,100,8.86,overcast clouds
605,Marienburg,PL,54.0359,19.0266,65.84,43,100,5.21,overcast clouds
606,Abu Samrah,SY,35.3029,37.1841,82.92,24,0,4.27,clear sky
607,Suez,EG,29.9737,32.5263,100.78,21,0,12.44,clear sky
608,Maceio,BR,-9.6658,-35.7353,80.04,73,75,14.97,broken clouds
609,Touros,BR,-5.1989,-35.4608,85.35,53,6,14.36,clear sky
610,Alcudia,ES,39.8532,3.1214,76.19,69,95,16.62,overcast clouds
611,Kemerovo,RU,55.3333,86.0833,51.49,81,0,7.0,clear sky
612,Napasar,IN,27.9667,73.55,94.12,30,63,9.17,broken clouds
613,Mayo,US,38.8876,-76.5119,63.18,85,0,4.61,clear sky
614,Mirnyy,RU,62.5353,113.9611,30.24,92,77,4.0,broken clouds
615,Tabory,RU,58.5198,64.5495,44.82,53,93,10.0,overcast clouds
616,Talnakh,RU,69.4865,88.3972,27.21,80,21,6.67,few clouds
617,Ust-Maya,RU,60.4167,134.5333,40.98,93,100,10.89,light rain
618,Tacna,PE,-18.0056,-70.2483,52.7,87,100,2.3,overcast clouds
619,Olafsvik,IS,64.8945,-23.7142,45.55,57,14,14.43,few clouds
620,Washougal,US,45.5826,-122.3534,62.47,86,0,15.99,clear sky
621,Praia Da Vitoria,PT,38.7333,-27.0667,74.75,78,75,21.99,broken clouds
622,Urucara,BR,-2.5364,-57.76,94.17,33,7,3.8,clear sky
623,Vaitape,PF,-16.5167,-151.75,77.59,76,15,18.07,light rain
624,Whitehorse,CA,60.7161,-135.0538,43.57,74,40,9.22,scattered clouds
625,Huilong,CN,31.8111,121.655,70.93,72,100,9.08,overcast clouds
626,Marrakesh,MA,31.6315,-8.0083,69.87,83,75,5.75,broken clouds
627,San Juan,AR,-31.5375,-68.5364,59.65,46,7,10.74,clear sky
628,Lincoln,US,40.8,-96.667,56.28,72,0,8.05,clear sky
629,Santa Fe,AR,-31.6333,-60.7,63.01,63,100,4.0,overcast clouds
630,Faranah,GN,10.0404,-10.7434,76.73,84,100,3.85,overcast clouds
631,Aleksandrov Gay,RU,50.147,48.5704,58.68,52,45,19.53,light rain
632,Bubaque,GW,11.2833,-15.8333,75.31,91,100,11.23,heavy intensity rain
633,Ejido,VE,8.5514,-71.2375,75.51,64,100,2.71,overcast clouds
634,Lakeside,US,30.13,-81.7682,75.94,87,40,4.61,scattered clouds
635,Alugan,PH,12.2188,125.4808,79.21,85,100,5.88,light rain
636,San Borja,BO,-14.8167,-66.85,83.23,52,21,5.21,few clouds
637,Egvekinot,RU,66.3167,-179.1667,25.25,65,66,11.97,broken clouds
638,Koslan,RU,63.4564,48.8989,46.09,56,71,11.7,broken clouds
639,Chuguyevka,RU,44.1653,133.8633,52.43,73,100,4.03,overcast clouds
640,Gweta,BW,-20.1833,25.2333,96.62,11,5,12.48,clear sky
641,Harper,LR,4.375,-7.7169,78.4,81,100,8.88,light rain
642,Hirara,JP,24.8,125.2833,82.27,82,92,11.9,overcast clouds
643,Fundao,BR,-19.9341,-40.4047,69.33,51,80,6.29,broken clouds
644,Alice Springs,AU,-23.7,133.8833,76.21,20,81,6.91,broken clouds
645,Bandrele,YT,-12.9067,45.1914,82.15,65,40,8.05,scattered clouds
646,Lumeje,AO,-11.55,20.7833,89.82,22,100,8.41,overcast clouds
647,Mtinko,TZ,-4.55,34.85,84.09,20,80,11.21,broken clouds
648,Mugumu,TZ,-1.85,34.7,75.22,41,90,7.9,overcast clouds
649,Houma,US,29.5958,-90.7195,73.0,96,0,0.0,clear sky
650,Malanje,AO,-9.5402,16.341,87.08,30,100,4.34,overcast clouds
651,Butterworth,MY,5.3991,100.3638,84.25,74,20,3.44,few clouds
652,Daru,PG,-9.0763,143.2092,79.74,90,73,13.85,broken clouds
653,Stromness,GB,58.965,-3.296,57.16,85,100,41.32,light rain
654,Bowmore,US,34.9421,-79.3031,66.74,85,0,0.0,clear sky
655,Kouango,CF,4.9934,19.9619,88.03,59,33,0.96,scattered clouds
656,Kirakira,SB,-10.4544,161.9205,78.28,85,100,3.67,overcast clouds
657,Baglung,NP,28.2719,83.5898,69.67,93,99,1.03,overcast clouds
658,Sistranda,NO,63.7256,8.834,53.56,70,100,5.53,light rain
659,Karatuzskoye,RU,53.6072,92.8667,45.39,91,100,3.76,overcast clouds
660,Presidente Medici,BR,-11.1753,-61.9014,89.02,49,0,2.62,clear sky
661,Robertsport,LR,6.7533,-11.3686,77.49,83,100,8.5,light rain
662,Kodinsk,RU,58.6881,99.1844,31.66,91,76,2.93,broken clouds
663,Seoul,KR,37.5683,126.9778,67.44,68,0,2.3,clear sky
664,San Quintin,MX,30.4833,-115.95,70.93,87,0,9.46,clear sky
665,Jieshi,CN,22.8134,115.8257,78.64,78,1,14.34,light rain
666,Penha,BR,-26.7694,-48.6458,58.87,88,75,8.05,broken clouds
667,Banda Aceh,ID,5.5577,95.3222,80.51,81,100,11.32,overcast clouds
668,Haian,CN,32.5436,120.45,65.19,70,100,7.02,overcast clouds
669,Wamba,NG,8.9333,8.6,86.97,58,96,3.78,light rain
670,Cabrobo,BR,-8.5142,-39.31,84.0,36,0,16.87,clear sky
671,Matay,EG,28.419,30.7792,106.48,12,0,13.13,clear sky
672,Katiola,CI,8.1333,-5.1,77.63,82,100,5.44,light rain
673,Erzincan,TR,39.75,39.5,65.5,26,0,2.3,clear sky
674,Gangawati,IN,15.4333,76.5333,85.6,47,100,4.81,overcast clouds
675,Key West,US,24.5557,-81.7826,86.0,83,0,4.61,clear sky
676,Staunton,US,38.1496,-79.0717,60.28,68,75,1.99,broken clouds
677,Guozhen,CN,34.3659,107.359,66.99,67,97,1.92,overcast clouds
678,Khandyga,RU,62.6667,135.6,38.59,86,100,2.15,overcast clouds
679,Benguela,AO,-12.5763,13.4055,75.36,71,100,9.73,overcast clouds
680,Pelaya,CO,8.6882,-73.6645,76.28,90,100,2.91,overcast clouds
681,Kars,TR,40.602,43.095,59.45,38,20,8.05,few clouds
682,Markova,UA,48.6758,24.4138,58.35,62,100,4.03,overcast clouds
683,Jurm,AF,36.8648,70.8342,68.49,26,0,6.82,clear sky
684,Vestmannaeyjar,IS,63.4427,-20.2734,45.59,65,20,29.93,few clouds
685,Beaufort,MY,5.3473,115.7455,74.8,93,100,2.19,overcast clouds
686,Urumqi,CN,43.801,87.6005,77.95,16,0,4.47,clear sky
687,Castanos,MX,26.7833,-101.4167,72.34,66,0,2.33,clear sky
688,Novyy Urengoy,RU,66.0833,76.6333,30.45,81,97,16.17,overcast clouds
689,Luba,GQ,3.4568,8.5547,82.29,82,87,6.38,light rain
690,Ipoh,MY,4.5841,101.0829,84.11,74,20,2.3,few clouds
691,Taft,IR,31.7471,54.2088,93.15,9,0,2.3,clear sky
692,West Helena,US,34.5507,-90.6418,73.15,89,12,5.41,few clouds
693,Ayame,CI,5.6083,-3.1563,83.46,70,86,5.1,moderate rain
694,Hualmay,PE,-11.0964,-77.6139,61.18,83,82,10.78,broken clouds
695,Chimore,BO,-16.9833,-65.1333,78.3,56,100,1.12,overcast clouds
696,Bandarbeyla,SO,9.4942,50.8122,81.25,71,65,27.07,broken clouds
697,Gelibolu,TR,40.4103,26.6708,76.86,34,36,5.95,scattered clouds
